,Pre_processing,Feature_Engineering,Feature_Selection,Model,Accuracy,Precision,Recall,F1
0,False,None,None,LogisticRegression_0,0.9848241934421189,0.8252508361204013,0.6718856364874064,0.7407129455909943
1,False,None,None,LogisticRegression_4,0.9848022313486922,0.8245614035087719,0.6718856364874064,0.7404351087771943
2,False,None,None,RandomForestClassifier_0,0.9842971031998771,0.8085106382978723,0.672566371681416,0.7342995169082126
